source,target
f_galtieri,ProgettoRENA
f_galtieri,ProgettoRENA
ProgettoRENA,quotidianonet
ProgettoRENA,ChiaraPeggy
ProgettoRENA,dgiluz
ProgettoRENA,hubspa
ProgettoRENA,doonie
ProgettoRENA,MicheledAlena
ProgettoRENA,letiziapian
ProgettoRENA,dskutz
ProgettoRENA,YouCanGroup
ProgettoRENA,Ffoodinstitute
ProgettoRENA,coderdojobo
ProgettoRENA,chrisiaio
ProgettoRENA,meedabyte
ProgettoRENA,BolloAlessandro
ProgettoRENA,qn_carlino
ProgettoRENA,EmilBanca
ProgettoRENA,tarmelop
ProgettoRENA,LepidaSpA
ProgettoRENA,BolognaWelcome
ProgettoRENA,clodcop
ProgettoRENA,giusate
ProgettoRENA,batty82
ProgettoRENA,cosesemplici
ProgettoRENA,dimarconicola
ProgettoRENA,ActionAidItalia
ProgettoRENA,CNANEXT
ProgettoRENA,CasaNetural
ProgettoRENA,ColdirettiG
ProgettoRENA,00doppiozero
ProgettoRENA,davidecanavesio
ProgettoRENA,ValeriaAdani
ProgettoRENA,larobbi
ProgettoRENA,ceciliamanzo
ProgettoRENA,La_Nicos
ProgettoRENA,unipolideas
ProgettoRENA,kilowattBo
ProgettoRENA,damienlanfrey
nikko801,ProgettoRENA
nikko801,siboc
nikko801,Erica_sir
nikko801,marcobani
nikko801,metiuuitem
nikko801,metiuuitem
nikko801,MicheledAlena
nikko801,ghirardinicola
nikko801,ghirardinicola
siboc,ProgettoRENA
siboc,nikko801
siboc,Erica_sir
pantedoka,ProgettoRENA
Andreacritico,ValerioMonaco
Andreacritico,fvali11
ValComm,f_galtieri
ValComm,ProgettoRENA
ValComm,aperdichizzi
ValComm,davirubini
ValComm,letiziapian
aperdichizzi,ADelliNoci
aperdichizzi,maxciociola
aperdichizzi,smodeo86
Innovandiamo,ProgettoRENA
Innovandiamo,meedabyte
hubspa,FLuccisano
hubspa,FusacchiA
hubspa,davideagazzi
hubspa,frarusso
Tukulti_Ninurta,ProgettoRENA
metiuuitem,MicheledAlena
letiziapian,ProgettoRENA
saroversi,aperdichizzi
saroversi,marcogy
Ale_Nigro,lucliva
AleBezzi,ProgettoRENA
AleBezzi,ProgettoRENA
AleBezzi,dskutz
AleBezzi,giovarizzo
AleBezzi,MarcoTognetti1
AleBezzi,napo
AleBezzi,sociolab_tweet
AleBezzi,RobertaCalle
stef_proietti,FLuccisano
agaddone,coderdojobo
agaddone,CoderDojoRoma
agaddone,CoderDojo
chrisiaio,ProgettoRENA
giuseppenuc,aperdichizzi
ulde1967,ChiaraPeggy
wendy_tiger,Urban_Res_Dance
wendy_tiger,Urban_Res_Dance
clarainbeta,ProgettoRENA
elisasola_,ChiaraPeggy
Greenjobs_it,ProgettoRENA
Greenjobs_it,FraMazzocchi
RuralHub,ProgettoRENA
ghirardinicola,ales9000
calabriativi,FLuccisano
calabriativi,VitaDario
calabriativi,domenicoros
calabriativi,VZappino
VZappino,FLuccisano
VZappino,VitaDario
VZappino,domenicoros
bobpersio,davideagazzi
ADelliNoci,domenicoros
saverio_cuoghi,ProgettoRENA
saverio_cuoghi,FLuccisano
saverio_cuoghi,davideagazzi
saverio_cuoghi,MicheledAlena
saverio_cuoghi,letiziapian
saverio_cuoghi,FraMazzocchi
CasaNetural,ProgettoRENA
ivanapais,Ale_Nigro
ivanapais,SlideShare
alesa69,damienlanfrey
piazzaberlino,FLuccisano
piazzaberlino,mamacaluda
twittodarte,davideagazzi
twittodarte,TorinoAnni10
