source,target
La_Nicos,ProgettoRENA
La_Nicos,La_Nicos
La_Nicos,unipolideas
f_galtieri,ProgettoRENA
carlettab,ProgettoRENA
carlettab,sostenibile_com
carlettab,Acquarius75
socialmakingeco,ProgettoRENA
babaulab,ProgettoRENA
lorenzobenussi,damienlanfrey
larobbi,ProgettoRENA
lidiamarongiu,napo
fedepank,clodcop
fedepank,ProgettoRENA
ProgettoRENA,YouCanGroup
ProgettoRENA,Ffoodinstitute
Ale_Nigro,damienlanfrey
Ale_Nigro,ProgettoRENA
funkylotito,workingcapital
funkylotito,ChiaraPeggy
MicheledAlena,stefanomicelli
andreadanielli,FLuccisano
RuralHub,meedabyte
funkylotito,we4italy
funkylotito,ivanapais
RobCacciatore,BolloAlessandro
RobCacciatore,CentraleFies
fedepank,doonie
socialmakingeco,ivanapais
socialmakingeco,che
socialmakingeco,ProgettoRENA
biljaic,doonie
Tukulti_Ninurta,MicheledAlena
dominicipi,Erica_sir
dominicipi,ProgettoRENA
nikko801,siboc
nikko801,ProgettoRENA
nikko801,Erica_sir
nikko801,marcobani
larobbi,stefanomicelli
larobbi,ProgettoRENA
La_Nicos,damienlanfrey
La_Nicos,unipolideas
mariella_stella,ProgettoRENA
playgroundmary,TouringClub
BAMstracult,BolloAlessandro
BAMstracult,damienlanfrey
FabRM75,proformaweb
FabRM75,ProgettoRENA
CentroAntartide,FLuccisano
CentroAntartide,davideagazzi
CentroAntartide,CittaBeniComuni
enzolefevre,FraMazzocchi
larobbi,ChiaraPeggy
larobbi,ProgettoRENA
robertore62,damienlanfrey
robertore62,ProgettoRENA
lidiamarongiu,FusacchiA
Andreacritico,siboc
Andreacritico,ProgettoRENA
aperdichizzi,ProgettoRENA
larobbi,chrisiaio
ProgettoRENA,ChiaraPeggy
muuffa,ChiaraPeggy
mamacaluda,damienlanfrey
biljaic,alebegoli
ZEPHIROTORNA,FLuccisano
Emuratori,FusacchiA
LiveUru,FLuccisano
Robertap526,FusacchiA
Robertap526,ProgettoRENA
Giank_Russo,FusacchiA
siboc,napo
AlessandraFeol1,ivanapais
AlessandraFeol1,Labsus1
f_galtieri,FLuccisano
GianlucaMingozz,ProgettoRENA
chrisiaio,Labsus1
chrisiaio,LabGov
PierG,ArtOfDecisions
PierG,IconsultingBI
anpugliese,FLuccisano
De_DiDio,alessiobau
perugini,mariella_stella
beavillari,ProgettoRENA
ValeriaAdani,ProgettoRENA
ValeriaAdani,FLuccisano
REStartSocial,meedabyte
robertore62,FLuccisano
robertore62,f_galtieri
robertore62,ProgettoRENA
f_galtieri,ProgettoRENA
enzolefevre,ProgettoRENA
Erica_sir,FusacchiA
biljaic,ChiaraPeggy
biljaic,gluca
bia_hvid,mantralex
pantedoka,ProgettoRENA
fmp_it,doonie
LucaBosonetto,ProgettoRENA
bia_hvid,doonie
luigireggi,siboc
luigireggi,Erica_sir
luigireggi,Monithon
ADelliNoci,Robertap526
PierG,spettandoGodot
PierG,ChiaraPeggy
f_galtieri,FusacchiA
f_galtieri,ProgettoRENA
Robertap526,Innovandiamo
Robertap526,ProgettoRENA
AgostinoRiitano,mantralex
AgostinoRiitano,RuralHub
ArielsM87,BolloAlessandro
perugini,salvamarra
Andreacritico,ProgettoRENA
AgostinoRiitano,dgiluz
ProgettoRENA,quotidianonet
PierG,ChiaraPeggy
Ale_Nigro,BolloAlessandro
Ale_Nigro,ProgettoRENA
f_galtieri,OOPgiovani
siboc,phisaz
siboc,SerenaMaioli
siboc,domenicoros
siboc,totididio
siboc,napo
siboc,lorenzobenussi
Robertap526,ProgettoRENA
Socialseed_,ProgettoRENA
Socialseed_,giusate
Socialseed_,batty82
Socialseed_,tamamikomatsu
Tukulti_Ninurta,ivanapais
LiveUru,damienlanfrey
f_galtieri,ProgettoRENA
f_galtieri,domenicoros
f_galtieri,ADelliNoci
perugini,stefymilo
PuntoDock,Labsus1
larobbi,FusacchiA
LiveUru,TorinoAnni10
LiveUru,dionysiaco
lucliva,ladycrowd
Robertap526,ProgettoRENA
Robertap526,FLuccisano
CrestaMiriam,jaItalia
saroversi,ChefSimone
saroversi,ProgettoRENA
REStartSocial,dgiluz
TorinoAnni10,ChiaraPeggy
larobbi,napo
larobbi,ProgettoRENA
f_galtieri,ChiaraPeggy
f_galtieri,FusacchiA
CentroAntartide,CittaBeniComuni
CentroAntartide,chrisiaio
sociolab_tweet,ChiaraPeggy
AleBezzi,meedabyte
AttivaFirenze,dgiluz
TorinoAnni10,FusacchiA
chiarabert,meedabyte
chiarabert,stefanomicelli
EleParisi,BolloAlessandro
EmilBanca,IdeaGinger
playgroundmary,ivanapais
AleBezzi,BolloAlessandro
larobbi,FLuccisano
larobbi,ProgettoRENA
indugiare,AlessandroBollo
indugiare,CultPopSocCoop
indugiare,michiamofede
bobpersio,meedabyte
wendy_tiger,be_p
wendy_tiger,dgiluz
hubspa,hubspa
hubspa,giasmar
hubspa,GRiccardelli
YouCanGroup,saroversi
Ale_Nigro,ProgettoRENA
AgostinoRiitano,ChiaraPeggy
saverio_cuoghi,ChiaraPeggy
nelsonmau,MicheledAlena
nelsonmau,davideagazzi
invisigot,napo
invisigot,dskutz
ProgettoRENA,ChiaraPeggy
f_galtieri,FusacchiA
saroversi,ChiaraPeggy
saroversi,ProgettoRENA
EmilBanca,dgiluz
EmilBanca,stefanomicelli
calembourdesign,FLuccisano
TorinoAnni10,HansCaron
RuralHub,ctroccoli
RuralHub,ColdirettiG
AleBezzi,ProgettoRENA
perugini,Lebowskiana
agaddone,coderdojobo
agaddone,serraalle
agaddone,LindaIerardi
pantedoka,stefanomicelli
sabinacuccibar,MUSE_Fablab
Socialseed_,FusacchiA
siboc,ProgettoRENA
socialPA_RM,RockyourSchool
f_galtieri,Anci_Giovani
f_galtieri,Robertap526
calabriativi,VZappino
calabriativi,ProgettoRENA
RobCacciatore,meedabyte
YouCanGroup,FLuccisano
lajeje13,ProgettoRENA
HUBFirenze,MarcoTognetti1
_CleaNap,Labsus1
_CleaNap,chrisiaio
perugini,funkylotito
Becrowdy,workingcapital
bia_hvid,chrisiaio
ProgettoRENA,dgiluz
beavillari,ProgettoRENA
beavillari,stefanomicelli
beavillari,Filippo_Berto
clarainbeta,napo
lorenzobenussi,FusacchiA
noemisatta,ProgettoRENA
beavillari,ProgettoRENA
beavillari,napo
mamacaluda,FraMazzocchi
f_galtieri,ivanapais
f_galtieri,ProgettoRENA
andrecatta,Annibaledelia
perugini,coderdojobo
TorinoAnni10,BolloAlessandro
fiammato,chrisiaio
ArtOfDecisions,ZazzaNM
LiveUru,dskutz
AlessandraFeol1,clodcop
AlessandraFeol1,ProgettoRENA
AlessandraFeol1,Labsus1
34fuso,BAMstracult
34fuso,mantralex
battagliaem,RuralHub
battagliaem,mantralex
violamargiotta,chrisiaio
ProgettoRENA,FLuccisano
TorinoAnni10,dgiluz
diegoteloni,stefanomicelli
Andreacritico,ValerioMonaco
Andreacritico,fvali11
ValComm,aperdichizzi
Ravenna2019,FLuccisano
larobbi,napo
larobbi,ProgettoRENA
AlbStornelli,giusate
AlbStornelli,batty82
AlbStornelli,dimarconicola
AlbStornelli,ProgettoRENA
enzolefevre,chrisiaio
enzolefevre,ProgettoRENA
vivaioimprese,dgiluz
Iris_Network,ProgettoRENA
karmainspace,chrisiaio
ComunicaMenteBO,matteolepore
Innovandiamo,ProgettoRENA
larobbi,aperdichizzi
larobbi,FusacchiA
okfnitaly,damienlanfrey
metiuuitem,napo
metiuuitem,FusacchiA
FBrudaglio,FraMazzocchi
FBrudaglio,ProgettoRENA
ProgettoRENA,chrisiaio
ProgettoRENA,Labsus1
mrcfabbri,Annibaledelia
killermedia,PuntoDock
killermedia,BAMstracult
killermedia,f_galtieri
vivaioimprese,FusacchiA
coderdojobo,eineki
coderdojobo,eineki
coderdojobo,tarmelop
coderdojobo,agaddone
LucaCominassi,napo
Acquarius75,napo
perugini,TorinoAnni10
VZappino,sergiostumpo
VZappino,domenicoros
VZappino,VitaDario
VZappino,calabriativi
LiatRogel,ProgettoRENA
LiatRogel,HousingLab
bia_hvid,FusacchiA
TorinoAnni10,ChiaraPeggy
andrecatta,FusacchiA
Tukulti_Ninurta,FusacchiA
Tukulti_Ninurta,MiurSocial
ProgettoRENA,damienlanfrey
egferro,damienlanfrey
PuntoDock,ProgettoRENA
violamargiotta,ChiaraPeggy
guglielmoa,meedabyte
AgostinoRiitano,meedabyte
EmilBanca,IdeaGinger
RuralHub,mantralex
RuralHub,RuralHub
adagio84,ProgettoRENA
VulcanicaMente,Emiliana_Me
VulcanicaMente,ProgettoRENA
VulcanicaMente,ProgettoRENA
michiamofede,AlessandroBollo
michiamofede,CultPopSocCoop
muuffa,ChiaraPeggy
YouCanGroup,ndifino
YouCanGroup,ProgettoRENA
SBVinTasca,coderdojobza
LiveUru,FLuccisano
LiveUru,ProgettoRENA
LiveUru,AFusacchia
LiveUru,laurafigazzolo
Robertap526,ADelliNoci
tagliatella1,ZEPHIROTORNA
saroversi,ndifino
saroversi,ProgettoRENA
RosaBorgognoni,napo
Cittadinireatti,proge
franleu,FLuccisano
Robertap526,ProgettoRENA
urbanohumano,clarainbeta
urbanohumano,MicheledAlena
urbanohumano,meedabyte
urbanohumano,Collaboriamo
startsaturdays,ivanapais
EmilBanca,stefanomicelli
bia_hvid,ZazzaNM
LiveUru,franleu
LiveUru,pcapellino
LiveUru,ElisaCasetta
LiveUru,E_tci
LiveUru,ire_rete
LiveUru,_smartera
bia_hvid,ivanapais
f_galtieri,ProgettoRENA
f_galtieri,FLuccisano
lucliva,napo
EmilBanca,BolloAlessandro
PuntoDock,LabGov
mrcfabbri,FraMazzocchi
PierG,graziano_delrio
MattiaSullini,meedabyte
ProgettoRENA,chrisiaio
carlettab,tarmelop
metiuuitem,stefanomicelli
diegoteloni,ProgettoRENA
diegoteloni,FusacchiA
Ale_Nigro,chrisiaio
Ale_Nigro,ProgettoRENA
FraMazzocchi,FLuccisano
ProgettoRENA,FusacchiA
beavillari,ProgettoRENA
czgavazzi,FusacchiA
Innovandiamo,FLuccisano
vignolimatteo,ProgettoRENA
paolocampagnano,ivanapais
saroversi,ProgettoRENA
isaangiuli,chrisiaio
isaangiuli,ProgettoRENA
TorselloM,FLuccisano
TorselloM,GSRomeHub
TorinoAnni10,ivanapais
catencina,FLuccisano
lorenzobenussi,davideagazzi
lorenzobenussi,MicheledAlena
lorenzobenussi,FLuccisano
playgroundmary,FusacchiA
beavillari,ProgettoRENA
beavillari,FusacchiA
playgroundmary,stefanomicelli
DarioMazzella,addibbi
DarioMazzella,ProgettoRENA
LucaCominassi,damienlanfrey
LucaCominassi,ghirardinicola
LucaCominassi,dskutz
MattiaSullini,ivanapais
spettandoGodot,TommasoSacchi
AleBezzi,chrisiaio
TorinoAnni10,BolloAlessandro
aperdichizzi,stefanomicelli
ProgettoRENA,doonie
lucliva,ZazzaNM
smodeo86,the_qube
f_galtieri,FLuccisano
f_galtieri,ProgettoRENA
beavillari,ProgettoRENA
albpas,ProgettoRENA
dclfbk,napo
ivanapais,stefanomicelli
TorinoAnni10,BolloAlessandro
andrecatta,ChiaraPeggy
violamargiotta,matteolepore
metiuuitem,napo
perugini,ErikaMunno
indugiare,totididio
iladonatio,FLuccisano
AlessandraFeol1,Sardexnet
AlessandraFeol1,ProgettoRENA
Acquarius75,sostenibile_com
Acquarius75,carlettab
Acquarius75,chrisiaio
Acquarius75,Cikyio
ProgettoRENA,FLuccisano
massimosanti,damienlanfrey
JCubeSrl,davideagazzi
JCubeSrl,matteolepore
AleBezzi,stefanomicelli
RanghioFrance,damienlanfrey
paolocampagnano,ivanapais
Liberos2,ivanapais
enzolefevre,ProgettoRENA
2020CityPlus,ChiaraPeggy
2020CityPlus,ProgettoRENA
Erica_sir,FLuccisano
biljaic,lorenzov
letiziapian,ProgettoRENA
alessiobau,MiurSocial
alessiobau,FusacchiA
ghirardinicola,metiuuitem
ghirardinicola,MicheledAlena
Emblema_,napo
Liberos2,ZazzaNM
Liberos2,manuel_persico
Lebowskiana,xdxd_vs_xdxd
Lebowskiana,EleParisi
Lebowskiana,mantralex
Lebowskiana,bertramniessen
LucaCominassi,dskutz
franleu,we4italy
franleu,Guarene2020
MLetiziaGardoni,FLuccisano
EmilBanca,FLuccisano
metiuuitem,BolloAlessandro
metiuuitem,damienlanfrey
ProgettoRENA,lanicos
hubspa,FLuccisano
hubspa,FusacchiA
hubspa,davideagazzi
hubspa,frarusso
damienlanfrey,dskutz
LiveUru,ivanapais
SalvatoreAmura,FusacchiA
SalvatoreAmura,MiurSocial
funkylotito,anpugliese
funkylotito,FLuccisano
ProgettoRENA,BolloAlessandro
gpcolletti,ChiaraPeggy
spettandoGodot,ProgettoRENA
aperdichizzi,ladycrowd
catencina,La_Nicos
ProgettoRENA,dgiluz
noemisatta,damienlanfrey
noemisatta,ProgettoRENA
EmilBanca,ivanapais
ValComm,FLuccisano
ValComm,chrisiaio
Liberos2,BolloAlessandro
EmilBanca,FLuccisano
PierG,ChiaraPeggy
REStartSocial,ChiaraPeggy
donatilor,Ravenna2019
donatilor,mamacaluda
donatilor,ProgettoRENA
DGermy,TeslaMotors
AleBezzi,ProgettoRENA
LiveUru,FusacchiA
TorselloM,GSRomeHub
ValComm,LSecchiari
catencina,ivanapais
pigillone,BolloAlessandro
pigillone,ArefBrescia
Emuratori,napo
ChiaraPeggy,FusacchiA
calabriativi,damienlanfrey
calabriativi,siboc
ProgettoRENA,doonie
michiamofede,ivanapais
larobbi,ProgettoRENA
Liberos2,FLuccisano
f_galtieri,ProgettoRENA
Ale_Nigro,ProgettoRENA
carlettab,OuiShare
BChiavarino,doonie
workingcapital,FLuccisano
Mario_Intini,FLuccisano
Societing_SC,Rafr
Societing_SC,AmareRecoba
Societing_SC,andreadanielli
perugini,EmilBanca
AgostinoRiitano,ChiaraPeggy
larobbi,BolloAlessandro
larobbi,FitzcarraldoFon
larobbi,ProgettoRENA
metiuuitem,ProgettoRENA
metiuuitem,FLuccisano
siboc,marcobani
EmilBanca,matteolepore
PuntoDock,paoloventuri100
PuntoDock,ProgettoRENA
franleu,larobbi
franleu,FLuccisano
franleu,ProgettoRENA
bobpersio,stefanomicelli
marco_vignoli,FusacchiA
marco_vignoli,vignolimatteo
pelo80,napo
AlessandraFeol1,FLuccisano
ValComm,davirubini
ValComm,f_galtieri
mrcfabbri,FLuccisano
mrcfabbri,matteorenzi
Socialseed_,damienlanfrey
beavillari,ProgettoRENA
beavillari,ZazzaNM
larobbi,istat_it
LiveUru,damienlanfrey
LiveUru,TorinoAnni10
LiveUru,piervaccaneo
LiveUru,mariella_stella
LiveUru,robertamilano
chiarabert,MLetiziaGardoni
chiarabert,indugiare
Robertap526,dgiluz
Robertap526,ProgettoRENA
paolocampagnano,damienlanfrey
f_galtieri,damienlanfrey
f_galtieri,ProgettoRENA
Tukulti_Ninurta,ProgettoRENA
StefanoZorzi,FLuccisano
EmilBanca,ChiaraPeggy
giuseppecik,mariella_stella
giuseppecik,and_paoletti
giuseppecik,profumodisvolta
2020CityPlus,ProgettoRENA
perugini,Socialseed_
BAMstracult,BolloAlessandro
mamacaluda,Ravenna2019
ProgettoRENA,FLuccisano
ProgettoRENA,damienlanfrey
attilio_db,ProgettoRENA
violamargiotta,ProgettoRENA
Robertap526,ProgettoRENA
ProgettoRENA,salvamarra
ProgettoRENA,etuc_ces
RanghioFrance,stefanomicelli
Societing_SC,FLuccisano
LiveUru,BolloAlessandro
Emblema_,chrisiaio
Emblema_,ProgettoRENA
ProgettoRENA,clodcop
bia_hvid,digitalpaths
bia_hvid,workingcapital
TorinoAnni10,FLuccisano
PuntoDock,we4italy
Socialseed_,chrisiaio
metiuuitem,MicheledAlena
ProgettoRENA,stefanomicelli
Liberos2,enricogiova
aperdichizzi,chrisiaio
aperdichizzi,marcogy
andreamareschi,ivanapais
saroversi,davideagazzi
YouCanGroup,Ffoodinstitute
YouCanGroup,saroversi
YouCanGroup,ProgettoRENA
YouCanGroup,ndifino
startsaturdays,meedabyte
AleBezzi,chrisiaio
AleBezzi,Labsus1
y_teal,ortiche_
2020CityPlus,ProgettoRENA
2020CityPlus,stefanomicelli
perugini,ProgettoRENA
Acquarius75,ivanapais
muuffa,damienlanfrey
TorinoAnni10,La_Nicos
TorinoAnni10,damienlanfrey
VZappino,domenicoros
VZappino,VitaDario
VZappino,sergiostumpo
VZappino,calabriativi
ArielsM87,chrisiaio
Liberos2,enricogiova
AleBezzi,ivanapais
annamasera,napo
annamasera,mantralex
egferro,MicheledAlena
gpcolletti,meedabyte
AttivaFirenze,Twiperbole
paolocosta,akribia
paolocosta,TorinoAnni10
paolocosta,davideagazzi
larobbi,ProgettoRENA
AttivaFirenze,chrisiaio
AttivaFirenze,Twiperbole
totididio,wepushsocial
totididio,Labsus1
beavillari,ProgettoRENA
beavillari,FusacchiA
mariella_stella,FLuccisano
mariella_stella,ProgettoRENA
Robertap526,ProgettoRENA
Robertap526,RanghioFrance
bobpersio,marcogy
clarainbeta,sergiogalasso
fedecolonna,PezzeGalere
coderdojobo,eineki
coderdojobo,BaStraNo
coderdojobo,catemoscetti
coderdojobo,agaddone
coderdojobo,CoderDojo
guglielmoa,FLuccisano
fedepank,ProgettoRENA
Innovandiamo,FLuccisano
RuralHub,FLuccisano
dimarconicola,ProgettoRENA
ValComm,Ale_Nigro
ValComm,ProgettoRENA
TorinoAnni10,ProgettoRENA
LuciaTubaro,FLuccisano
ProgettoRENA,MLetiziaGardoni
ProgettoRENA,ColdirettiG
2020CityPlus,matteolepore
2020CityPlus,ProgettoRENA
killermedia,ProgettoRENA
EmilBanca,damienlanfrey
RitaBartolomei,simonecicero
ValerioBetti,COBspace
ValerioBetti,alepirani
ValerioBetti,batty82
ValerioBetti,ProgettoRENA
perugini,mamacaluda
f_galtieri,ColdirettiG
f_galtieri,MLetiziaGardoni
siboc,ProgettoRENA
ivanapais,ChiaraPeggy
ivanapais,egeaonline
AgostinoRiitano,RuralHub
YouCanGroup,BolloAlessandro
massimosanti,ivanapais
aperdichizzi,ChiaraPeggy
letiziapian,ProgettoRENA
LiveUru,FLuccisano
LiveUru,E_tci
damienlanfrey,FLuccisano
vivisostenibile,FuoritracciaCom
saroversi,marcogy
saroversi,ProgettoRENA
saroversi,GGUnindustriaBo
saroversi,YouCanGroup
saroversi,aperdichizzi
saroversi,marcogy
piazzaberlino,lorenzobenussi
piazzaberlino,FLuccisano
fedecolonna,damienlanfrey
mamacaluda,FusacchiA
mamacaluda,Ravenna2019
Emuratori,napo
Emuratori,FLuccisano
Emuratori,mamacaluda
Emuratori,isaangiuli
Emuratori,FraMazzocchi
Emuratori,addibbi
mamacaluda,napo
mamacaluda,Ravenna2019
workingcapital,coderdojobo
TorinoAnni10,HansCaron
TorinoAnni10,TorinoAnni10
TorinoAnni10,davideagazzi
ProgettoRENA,dskutz
mamacaluda,Ravenna2019
AlessandraFeol1,ErikaMunno
egferro,FLuccisano
egferro,davideagazzi
egferro,FraMazzocchi
egferro,MicheledAlena
mamacaluda,BolloAlessandro
mrcfabbri,dgiluz
bobpersio,dgiluz
AleBezzi,Sardexnet
vapost,clarainbeta
vapost,FLuccisano
vapost,ProgettoRENA
egferro,mariocalabresi
egferro,DeBortoliF
TorinoAnni10,FLuccisano
EmilBanca,ethicalbanking
AttivaFirenze,AleBezzi
massimosanti,dskutz
Ale_Nigro,lucliva
perugini,aspALISEI
DigitaliansEU,FusacchiA
YouCanGroup,simon_salvini
YouCanGroup,Ffoodinstitute
YouCanGroup,ProgettoRENA
robertore62,FLuccisano
robertore62,damienlanfrey
robertore62,ProgettoRENA
SilviaZanella_,biljaic
SilviaZanella_,doonie
CentroAntartide,meedabyte
RobCacciatore,FusacchiA
f_galtieri,GIConfindustria
f_galtieri,marcogy
HUBFirenze,stefanomicelli
diegoteloni,damienlanfrey
diegoteloni,sumlab
diegoteloni,FondazBrodolini
AleBezzi,giovarizzo
AleBezzi,ProgettoRENA
AleBezzi,MarcoTognetti1
Robertap526,siboc
Robertap526,ProgettoRENA
sociolab_tweet,meedabyte
sociolab_tweet,OuiShare
wendy_tiger,chrisiaio
larobbi,ProgettoRENA
aperdichizzi,marcogy
aperdichizzi,GIConfindustria
aperdichizzi,ProgettoRENA
EmilBanca,chrisiaio
gretabonfatti,ProgettoRENA
gretabonfatti,coderdojobo
ProgettoRENA,YouCanGroup
ProgettoRENA,Ffoodinstitute
digitalpaths,workingcapital
CrestaMiriam,jaItalia
LiveUru,napo
karmainspace,BolloAlessandro
diegoteloni,FondazBrodolini
Iris_Network,ivanapais
bobpersio,FusacchiA
bobpersio,f_galtieri
PierG,napo
stef_proietti,FLuccisano
ArtOfDecisions,ProgettoRENA
f_galtieri,GabroXII
anpugliese,FLuccisano
AgostinoRiitano,mantralex
AgostinoRiitano,RuralHub
larobbi,chrisiaio
indugiare,AlessandroBollo
agaddone,coderdojobo
agaddone,CoderDojoRoma
agaddone,CoderDojo
perugini,massimosanti
mariella_stella,ProgettoRENA
f_galtieri,stefymilo
MattiaSullini,ivanapais
fedecolonna,doonie
YouCanGroup,vignolimatteo
AleBezzi,FusacchiA
PierG,ZazzaNM
ProgettoRENA,chrisiaio
demichelisf,FusacchiA
demichelisf,ProgettoRENA
michiamofede,ProgettoRENA
michiamofede,indugiare
michiamofede,CultPopSocCoop
larobbi,ProgettoRENA
invisigot,metiuuitem
invisigot,ghirardinicola
invisigot,MicheledAlena
mamacaluda,Ravenna2019
io_floriano,ProgettoRENA
EmilBanca,stefanomicelli
Robertap526,chrisiaio
Robertap526,ProgettoRENA
Innovandiamo,FusacchiA
mamacaluda,Ravenna2019
EmilBanca,ivanapais
metiuuitem,stefanomicelli
LuciaTubaro,ChiaraPeggy
ValComm,Ale_Nigro
ValComm,ProgettoRENA
silvia_rensi,ivanapais
perugini,HUBFirenze
Lebowskiana,damienlanfrey
nikko801,ProgettoRENA
nikko801,ProgettoRENA
nikko801,OuiShare
startsaturdays,ChiaraPeggy
DarioMazzella,ZazzaNM
DarioMazzella,ProgettoRENA
FBrudaglio,ProgettoRENA
perugini,Greenjobs_it
AgostinoRiitano,damienlanfrey
PierG,andreabez
TorinoAnni10,damienlanfrey
AlessandraFeol1,chrisiaio
AlessandraFeol1,ProgettoRENA
akribia,paolocosta
perugini,we4italy
perugini,bia_hvid
MattiaSullini,meedabyte
PierG,FLuccisano
noemisatta,ProgettoRENA
perugini,siboc
perugini,RuralHub
PierG,mamacaluda
PierG,dgiluz
Robertap526,chrisiaio
ADelliNoci,Piersoft
ADelliNoci,gabrimorelli
ADelliNoci,violamargiotta
ADelliNoci,CoderDojoLe
Innovandiamo,meedabyte
OOPgiovani,letiziapian
OOPgiovani,IrecoopER
ArtOfDecisions,MicheledAlena
VaresiPaolo,GiancaBergamo
VaresiPaolo,UGLNazionale
chiarabert,FusacchiA
biljaic,FusacchiA
f_galtieri,ProgettoRENA
LiatRogel,gpcolletti
larobbi,BolloAlessandro
larobbi,ProgettoRENA
bobpersio,FusacchiA
calabriativi,SmartDMO
briguzia,AleBezzi
mrcfabbri,Kiva
andrecatta,chrisiaio
EmilBanca,MicheledAlena
RitaBartolomei,FraMazzocchi
Giank_Russo,dgiluz
silvia_rensi,stefanomicelli
silvia_rensi,mauribusacca
silvia_rensi,Editormanque
perugini,czgavazzi
perugini,dclfbk
ValComm,addibbi
Cittadinireatti,ProgettoRENA
startsaturdays,ZazzaNM
ProgettoRENA,BolloAlessandro
spettandoGodot,damienlanfrey
RRocelli,ProgettoRENA
YouCanGroup,ivanapais
YouCanGroup,ProgettoRENA
bia_hvid,ZazzaNM
f_galtieri,ProgettoRENA
St_Giaccardi,stefanomicelli
TorinoAnni10,davideagazzi
stelab_82,ChiaraPeggy
startsaturdays,FusacchiA
noemisatta,ProgettoRENA
ValComm,GammaDonna_
muuffa,morenaragone
RitaBartolomei,kilowattBo
silvia_rensi,chrisiaio
silvia_rensi,Labsus1
panebarcos,FLuccisano
LiveUru,dgiluz
LiveUru,demartin
LiveUru,annamasera
LiveUru,foscanomis
enzolefevre,stefanomicelli
Smartcityexhib,napo
Smartcityexhib,Forum_PA
saverio_cuoghi,MicheledAlena
dskutz,tarmelop
gpcolletti,ChefSimone
Innovandiamo,fmp_it
Innovandiamo,FusacchiA
massimosanti,FLuccisano
perugini,AleBezzi
ValComm,aperdichizzi
ValComm,ProgettoRENA
violamargiotta,FLuccisano
lucliva,meedabyte
fabriziacalda,BolloAlessandro
Design_Apart_IT,ProgettoRENA
LucaCominassi,ZazzaNM
indugiare,AlessandroBollo
indugiare,CultPopSocCoop
Robertap526,MazzoccoMike
Robertap526,welikechopin
Robertap526,ProgettoRENA
andrgig,startsaturdays
Socialseed_,ivanapais
TRagusa,stateofthenet
TRagusa,chefuturo
fedecolonna,dgiluz
Ale_Nigro,ChiaraPeggy
Ale_Nigro,dgiluz
Ale_Nigro,ProgettoRENA
beavillari,ProgettoRENA
dclfbk,ivanapais
ross__gau,FraMazzocchi
ross__gau,stefanomicelli
ross__gau,rricciuti
ross__gau,SviluppoBas
Robertap526,Oska7
Ffoodinstitute,alcenero
mariella_stella,ProgettoRENA
schoolraising,ValComm
schoolraising,guglielmoa
schoolraising,stefanomicelli
coderdojobo,CoderDojo
VaPediroda,siboc
VaPediroda,Findemonte
2020CityPlus,FLuccisano
2020CityPlus,ProgettoRENA
ProgettoRENA,stefanomicelli
f_galtieri,Robertap526
f_galtieri,ProgettoRENA
chiarabert,gen_legacoop
mauribusacca,ivanapais
socialPA_RM,FusacchiA
mamacaluda,ZazzaNM
mamacaluda,Ravenna2019
Emiliana_Me,ivanapais
Emiliana_Me,_CleaNap
Emiliana_Me,BikeSharingNa
napo,dgiluz
perugini,Emiliana_Me
RanghioFrance,PuntoDock
RanghioFrance,HUMANFdn
ProgettoRENA,ivanapais
mamacaluda,FLuccisano
silvia_rensi,Editormanque
indugiare,FLuccisano
indugiare,CultPopSocCoop
indugiare,michiamofede
indugiare,OOPgiovani
mamacaluda,littleBits
mamacaluda,ZazzaNM
larobbi,FLuccisano
larobbi,davideagazzi
larobbi,ProgettoRENA
Robertap526,dgiluz
Robertap526,ProgettoRENA
bia_hvid,davideagazzi
Erica_sir,_Aloisi
Erica_sir,luigireggi
Erica_sir,chiaracio
Erica_sir,siboc
Erica_sir,enzolefevre
Erica_sir,MrAmpu
Erica_sir,andreamilan_
TRagusa,stateofthenet
TRagusa,chefuturo
LuciaTubaro,stefanomicelli
simonebor,napo
PierG,ChiaraPeggy
ArtOfDecisions,dskutz
coworkingcowo,ProgettoRENA
perugini,RobCacciatore
TorinoAnni10,pedroelrey
sergiogalasso,TommasoSacchi
sergiogalasso,BolloAlessandro
Emblema_,ProgettoRENA
larobbi,FLuccisano
larobbi,ProgettoRENA
LiveUru,ivanapais
panebarcos,mamacaluda
Erica_sir,ProgettoRENA
perugini,Societing_SC
AlessandraFeol1,chrisiaio
AlessandraFeol1,Labsus1
AleBezzi,ivanapais
biljaic,FLuccisano
larobbi,FusacchiA
larobbi,ProgettoRENA
mamacaluda,damienlanfrey
larobbi,ProgettoRENA
Erica_sir,chrisiaio
clarainbeta,FLuccisano
clarainbeta,ProgettoRENA
funkylotito,ProgettoRENA
funkylotito,BolloAlessandro
mauribusacca,stefanomicelli
ValComm,Ale_Nigro
ValComm,FusacchiA
ValComm,ProgettoRENA
EmilBanca,FraMazzocchi
EmilBanca,ProgettoRENA
ProgettoRENA,stefanomicelli
vivaioimprese,perugini
vivaioimprese,vivaioimprese
perugini,UrbanCagliari
YouCanGroup,saroversi
Tukulti_Ninurta,napo
LuciaTubaro,FLuccisano
larobbi,ProgettoRENA
giuseppenuc,aperdichizzi
Innovandiamo,FLuccisano
beavillari,ProgettoRENA
beavillari,chrisiaio
EmilBanca,BolloAlessandro
funkylotito,RitaBartolomei
funkylotito,meedabyte
funkylotito,ChiaraPeggy
Emuratori,ZazzaNM
chiarabert,ChiaraPeggy
ulde1967,ChiaraPeggy
NAStartUp,tarmelop
NAStartUp,ProgettoRENA
NAStartUp,f_galtieri
NAStartUp,davideagazzi
NAStartUp,FusacchiA
ILBETTA,ProgettoRENA
wendy_tiger,Urban_Res_Dance
ProgettoRENA,stefymilo
invisigot,ProgettoRENA
invisigot,cimina
invisigot,LucaCominassi
cesenalab,ProgettoRENA
FBrudaglio,ProgettoRENA
AlessandraFeol1,chrisiaio
AlessandraFeol1,LabGov
AlessandraFeol1,ProgettoRENA
AlessandraFeol1,Labsus1
siboc,ProgettoRENA
siboc,Erica_sir
siboc,nikko801
RanghioFrance,ProgettoRENA
chrisiaio,ProgettoRENA
Ale_Nigro,ivanapais
Ale_Nigro,ProgettoRENA
BChiavarino,doonie
Lebowskiana,xdxd_vs_xdxd
LucaCominassi,ProgettoRENA
aperdichizzi,Ale_Nigro
aperdichizzi,ChiaraPeggy
aperdichizzi,dgiluz
aperdichizzi,ProgettoRENA
mamacaluda,FusacchiA
EmilBanca,chrisiaio
clarainbeta,ProgettoRENA
silvia_rensi,ivanapais
metiuuitem,FLuccisano
f_galtieri,ChiaraPeggy
f_galtieri,FusacchiA
AlessandraFeol1,marcogy
AlessandraFeol1,GIConfindustria
ValeriaAdani,ProgettoRENA
larobbi,ProgettoRENA
panebarcos,FLuccisano
YouCanGroup,ProgettoRENA
AICCONnonprofit,ProgettoRENA
EmilBanca,BolloAlessandro
Ale_Nigro,ProgettoRENA
luca_biancucci,we4italy
luca_biancucci,FusacchiA
serraalle,tarmelop
serraalle,tarmelop
serraalle,LindaIerardi
serraalle,agaddone
serraalle,coderdojobo
serraalle,CoderDojo
michiamofede,doonie
michiamofede,proformaweb
MicheledAlena,RanghioFrance
MicheledAlena,ProgettoRENA
MicheledAlena,ghirardinicola
indugiare,FLuccisano
elisasola_,ChiaraPeggy
perugini,lorenzobenussi
TorinoAnni10,ProgettoRENA
EmilBanca,meedabyte
ProgettoRENA,meedabyte
TorinoAnni10,ZazzaNM
LucaBosonetto,ortiche_
ArielsM87,ChiaraPeggy
AleBezzi,ChiaraPeggy
biljaic,lorenzov
biljaic,dgiluz
ValeriaAdani,ProgettoRENA
ValeriaAdani,FusacchiA
AgostinoRiitano,dgiluz
bobpersio,FLuccisano
workingcapital,dgiluz
MrAmpu,FusacchiA
Tukulti_Ninurta,OECD
noemisatta,ProgettoRENA
larobbi,ProgettoRENA
LiveUru,dskutz
LiveUru,Guarene2020
paolocampagnano,ZazzaNM
AgostinoRiitano,damienlanfrey
Andreacritico,ProgettoRENA
aperdichizzi,FusacchiA
ZazzaNM,davideagazzi
ArielsM87,dgiluz
ValComm,ProgettoRENA
ValComm,FLuccisano
CasaNetural,ProgettoRENA
invisigot,cimina
invisigot,LucaCominassi
invisigot,damienlanfrey
AleBezzi,BolloAlessandro
Emuratori,doonie
Tukulti_Ninurta,matteolepore
Tukulti_Ninurta,ProgettoRENA
andrecatta,FraMazzocchi
Andreacritico,ProgettoRENA
bia_hvid,stefanomicelli
Innovandiamo,meedabyte
ArielsM87,stefanomicelli
perugini,LucaCominassi
ProgettoRENA,doonie
ProgettoRENA,clodcop
ProgettoRENA,MicheledAlena
Robertap526,matteolepore
Robertap526,ProgettoRENA
Tukulti_Ninurta,ZazzaNM
Urban_Res_Dance,chrisiaio
akribia,Liberos2
akribia,ProgettoRENA
alessiobau,chrisiaio
robertore62,MicheledAlena
larobbi,FLuccisano
larobbi,ProgettoRENA
Ffoodinstitute,meedabyte
mamacaluda,dskutz
mamacaluda,Ravenna2019
mauribusacca,ProgettoRENA
2020CityPlus,dskutz
2020CityPlus,ProgettoRENA
EmilBanca,meedabyte
muuffa,stefanomicelli
muuffa,arduino
silvia_rensi,BolloAlessandro
silvia_rensi,FitzcarraldoFon
RosaBorgognoni,WISTERWISTER
Robertap526,ProgettoRENA
Robertap526,ZazzaNM
wendy_tiger,ProgettoRENA
wendy_tiger,damienlanfrey
REStartSocial,ProgettoRENA
esterniorg,ProgettoRENA
beavillari,ProgettoRENA
beavillari,BolloAlessandro
perugini,startsaturdays
Giank_Russo,meedabyte
perugini,gmario_cinelli
grazia69mbs,f_galtieri
grazia69mbs,ChiaraPeggy
HUBFirenze,meedabyte
sociolab_tweet,Enrico
Robertap526,ProgettoRENA
Robertap526,welikechopin
Robertap526,miss0uri4
marcobani,ChiaraPeggy
YouCanGroup,damienlanfrey
YouCanGroup,ProgettoRENA
YouCanGroup,saroversi
YouCanGroup,RuralHub
YouCanGroup,ProgettoRENA
YouCanGroup,vignolimatteo
metiuuitem,chrisiaio
metiuuitem,spaghetti_folks
ProgettoRENA,ivanapais
SISinnovation,ProgettoRENA
EmilBanca,ChiaraPeggy
meg_pag,bia_hvid
meg_pag,ProgettoRENA
meg_pag,mr_travaglini
clarainbeta,FLuccisano
ProgettoRENA,qn_carlino
AgostinoRiitano,siboc
AgostinoRiitano,domenicoros
AgostinoRiitano,lalgacristina
AgostinoRiitano,bertramniessen
AgostinoRiitano,BolloAlessandro
AgostinoRiitano,meedabyte
TorinoAnni10,dgiluz
mamacaluda,ZazzaNM
mamacaluda,Ravenna2019
MicheledAlena,FusacchiA
mamacaluda,FLuccisano
ProgettoRENA,CoderDojo
cieffe27,FusacchiA
2020CityPlus,chrisiaio
2020CityPlus,ProgettoRENA
2020CityPlus,FLuccisano
2020CityPlus,ProgettoRENA
andrecatta,FusacchiA
Robertap526,ProgettoRENA
invisigot,ales9000
AlessandraFeol1,meedabyte
AlessandraFeol1,LabGov
AlessandraFeol1,chrisiaio
Yes_we_Tweet,ProgettoRENA
Yes_we_Tweet,davideagazzi
wendy_tiger,bertramniessen
PierG,BChiavarino
CalabriaStartup,ProgettoRENA
CalabriaStartup,ChiaraPeggy
CalabriaStartup,FusacchiA
ProgettoRENA,dgiluz
bia_hvid,FLuccisano
BChiavarino,terredeisavoia
EmilBanca,chrisiaio
alessiobau,Sardexnet
Giank_Russo,FLuccisano
FBrudaglio,ProgettoRENA
luca_biancucci,ChiaraPeggy
luca_biancucci,ProgettoRENA
Lebowskiana,istat_it
ProgettoRENA,ivanapais
larobbi,damienlanfrey
larobbi,ProgettoRENA
bia_hvid,ceciliamanzo
perugini,lidiamarongiu
LucaCominassi,napo
nico_stac,WISTERWISTER
nico_stac,larobbi
nico_stac,flavia_marzano
Acquarius75,dgiluz
muuffa,ivanapais
muuffa,ivanapais
mrcfabbri,ArtOfDecisions
mrcfabbri,dskutz
FBrudaglio,FusacchiA
FBrudaglio,ProgettoRENA
LiveUru,FLuccisano
YouCanGroup,ivanapais
juanucilla,dgiluz
juanucilla,VinceMa1
VitaDario,domenicoros
VitaDario,calabriativi
VitaDario,SmartDMO
VitaDario,ParcoSila
FusacchiA,federicoravaldi
JonnyMarsella,ProgettoRENA
mrcfabbri,Erica_sir
mrcfabbri,FusacchiA
bia_hvid,ZazzaNM
RuralHub,battagliaem
bia_hvid,FusacchiA
f_galtieri,doonie
spettandoGodot,ChiaraPeggy
fedecolonna,ChiaraPeggy
mamacaluda,lajeje13
mamacaluda,ProgettoRENA
mamacaluda,matteorenzi
TorinoAnni10,meedabyte
MicheledAlena,FLuccisano
fedecolonna,doonie
Becrowdy,ivanapais
lidiamarongiu,ivanapais
perugini,indugiare
muuffa,stefanomicelli
egferro,ProgettoRENA
egferro,FLuccisano
egferro,FusacchiA
egferro,davidecanavesio
egferro,e_martinotti
vignolimatteo,ProgettoRENA
AgostinoRiitano,mantralex
AgostinoRiitano,ADelliNoci
TorinoAnni10,chrisiaio
CentroAntartide,lucarizzonervo
CentroAntartide,CittaBeniComuni
mamacaluda,Emuratori
mamacaluda,isaangiuli
maurocolombo_,ProgettoRENA
MattiaSullini,stefanomicelli
beavillari,ProgettoRENA
beavillari,dskutz
smodeo86,the_qube
Greenjobs_it,ProgettoRENA
Greenjobs_it,FraMazzocchi
Acquarius75,napo
noemisatta,ProgettoRENA
REStartSocial,ChiaraPeggy
Giank_Russo,MLetiziaGardoni
Giank_Russo,ColdirettiG
Giank_Russo,matteorenzi
workingcapital,ChiaraPeggy
BAMstracult,PuntoDock
Innovandiamo,FLuccisano
Robertap526,AgostinoRiitano
Robertap526,ADelliNoci
Robertap526,ProgettoRENA
AleBezzi,BolloAlessandro
bobpersio,ChiaraPeggy
SISinnovation,OuiShare
ArielsM87,TheEconomist
ArielsM87,stefanomicelli
Societing_SC,doonie
EmilBanca,BolloAlessandro
ValComm,frarusso
ValComm,FLuccisano
ValComm,marcogy
Lebowskiana,FusacchiA
federicoravaldi,FusacchiA
Robertap526,ProgettoRENA
Robertap526,FLuccisano
DaVelSign,napo
DaVelSign,lorenzobenussi
PierG,FusacchiA
Robertap526,fedepank
Robertap526,Tukulti_Ninurta
Robertap526,ProgettoRENA
franleu,we4italy
franleu,livia_1983
Lebowskiana,ivanapais
ProgettoRENA,aledannibale
mamacaluda,Chrisiao
bia_hvid,OfficineArduino
bia_hvid,mbanzi
Erica_sir,chrisiaio
Erica_sir,Labsus1
mamacaluda,FLuccisano
REStartSocial,meedabyte
REStartSocial,dgiluz
EmilBanca,ChiaraPeggy
Becrowdy,ivanapais
sociolab_tweet,ivanapais
andrecatta,meedabyte
andrecatta,Annibaledelia
BChiavarino,MLetiziaGardoni
TorinoAnni10,La_Nicos
saverio_cuoghi,socialstreet_it
saverio_cuoghi,ZazzaNM
Erica_sir,Labsus1
bia_hvid,ivanapais
Robertap526,ProgettoRENA
Robertap526,FLuccisano
Ffoodinstitute,FLuccisano
Ffoodinstitute,ProgettoRENA
Ffoodinstitute,YouCanGroup
mamacaluda,damienlanfrey
aperdichizzi,ProgettoRENA
NonProfit_Lab,ProgettoRENA
urbanohumano,clarainbeta
urbanohumano,corenoausonio
f_galtieri,lajeje13
AleBezzi,napo
spettandoGodot,ivanapais
TorinoAnni10,MicheledAlena
RuralHub,ProgettoRENA
nikko801,metiuuitem
nikko801,ghirardinicola
phisaz,lorenzobenussi
larobbi,ProgettoRENA
Ffoodinstitute,dskutz
AttivaFirenze,chrisiaio
AttivaFirenze,Labsus1
RobCacciatore,ChiaraPeggy
salvamarra,ProgettoRENA
davidmonten,aperdichizzi
davidmonten,Innovandiamo
BAMstracult,BolloAlessandro
YouCanGroup,ndifino
YouCanGroup,ProgettoRENA
YouCanGroup,BolognaTwit
luca_biancucci,ProgettoRENA
luca_biancucci,stefanomicelli
funkylotito,meedabyte
andrecatta,FLuccisano
TorinoAnni10,FusacchiA
TorinoAnni10,chrisiaio
TorinoAnni10,xdxd_vs_xdxd
larobbi,napo
darios,ProgettoRENA
cieffe27,ChiaraPeggy
ProgettoRENA,EmilBanca
spettandoGodot,damienlanfrey
socialmakingeco,chrisiaio
GabroXII,michelemas
FBrudaglio,ivanapais
FBrudaglio,ProgettoRENA
ProgettoRENA,davideagazzi
Robertap526,ProgettoRENA
RanghioFrance,sociolab_tweet
RanghioFrance,PuntoDock
larobbi,La_Nicos
larobbi,ProgettoRENA
mamacaluda,ZazzaNM
EmilBanca,BolloAlessandro
AleBezzi,stefanomicelli
eccoilmoro,MicheledAlena
okfnitaly,ChiaraPeggy
LiveUru,TTmobile_
LiveUru,FLuccisano
lidiamarongiu,damienlanfrey
AttivaFirenze,ZazzaNM
LiveUru,chrisiaio
LiveUru,Guarene2020
larobbi,chrisiaio
ProgettoRENA,damienlanfrey
TorinoAnni10,FLuccisano
ArielsM87,ChiaraPeggy
SpazioGrisu,FusacchiA
ceciliamanzo,ProgettoRENA
ceciliamanzo,clodcop
ceciliamanzo,letiziapian
SilviaSalmeri,vivisostenibile
SilviaSalmeri,ChiaraPeggy
SilviaSalmeri,alepirani
stefymilo,stefanomicelli
Smartcityexhib,RobCacciatore
Smartcityexhib,ZazzaNM
Smartcityexhib,Forum_PA
Emuratori,FusacchiA
AlessandraFeol1,LabGov
indugiare,OOPgiovani
indugiare,CultPopSocCoop
ValComm,perugini
okfnitaly,napo
LiveUru,FLuccisano
LiveUru,TorinoAnni10
giuliodichiara,ProgettoRENA
giuliodichiara,FLuccisano
andrecatta,damienlanfrey
perugini,davideagazzi
vignolimatteo,ProgettoRENA
FBrudaglio,paesaggiabruzzo
FBrudaglio,ProgettoRENA
EmilBanca,BolloAlessandro
michiamofede,chrisiaio
michiamofede,CultPopSocCoop
violamargiotta,FLuccisano
f_galtieri,doonie
marco_vignoli,ZazzaNM
OOPgiovani,gen_legacoop
Cittadinireatti,mariella_stella
Cittadinireatti,FLuccisano
Cittadinireatti,ProgettoRENA
Ale_Nigro,doonie
Ale_Nigro,ProgettoRENA
perugini,ValComm
perugini,MrAmpu
Carolicen,siboc
Carolicen,RuralHub
Robertap526,ADelliNoci
Robertap526,ProgettoRENA
Robertap526,Robertap526
Robertap526,lucadellabitta
Robertap526,Anci_Giovani
Erica_sir,enzolefevre
LindaIerardi,CoderDojo
LindaIerardi,coderdojobo
mamacaluda,mamacaluda
CentroAntartide,CittaBeniComuni
CentroAntartide,chrisiaio
Innovandiamo,ivanapais
TorinoAnni10,FusacchiA
bia_hvid,doonie
Robertap526,enver
Robertap526,ProgettoRENA
RobCacciatore,chrisiaio
LindaIerardi,agaddone
LindaIerardi,coderdojobo
noemisatta,ProgettoRENA
chiarabert,La_Nicos
chiarabert,unipolideas
aperdichizzi,meedabyte
larobbi,ProgettoRENA
aperdichizzi,doonie
perugini,vivaioimprese
andrecatta,FLuccisano
PierG,meedabyte
ProgettoRENA,FusacchiA
ProgettoRENA,tarmelop
Ale_Nigro,ProgettoRENA
dimarconicola,ProgettoRENA
f_galtieri,OOPgiovani
EmilBanca,FLuccisano
EmilBanca,ProgettoRENA
BAMstracult,ChiaraPeggy
bobpersio,dgiluz
isaangiuli,FLuccisano
isaangiuli,ProgettoRENA
EmilBanca,dgiluz
MRosariaPeduto,FusacchiA
LiveUru,FLuccisano
metiuuitem,napo
luca_biancucci,ProgettoRENA
AleBezzi,napo
AleBezzi,ChiaraPeggy
Innovandiamo,ChiaraPeggy
aperdichizzi,IlariaLani
ProgettoRENA,La_Nicos
perugini,DigitaliansEU
EmilBanca,FLuccisano
ProgettoRENA,FLuccisano
ProgettoRENA,ZazzaNM
mrcfabbri,FLuccisano
mrcfabbri,ProgettoRENA
RanghioFrance,PuntoDock
GammaDonna_,clodcop
fedecolonna,dgiluz
Robertap526,FLuccisano
Robertap526,ProgettoRENA
Socialseed_,ZazzaNM
MrAmpu,Erica_sir
MrAmpu,enzolefevre
MrAmpu,clarainbeta
MrAmpu,ProgettoRENA
FBrudaglio,ProgettoRENA
vivaioimprese,ChiaraPeggy
bia_hvid,ProgettoRENA
lamasoero,letiziapian
lamasoero,FraMazzocchi
lamasoero,davideagazzi
lamasoero,MicheledAlena
lamasoero,ProgettoRENA
TorinoAnni10,dskutz
TorinoAnni10,urukwavu
anpugliese,mariella_stella
metiuuitem,dskutz
beavillari,ProgettoRENA
larobbi,AgostinoRiitano
sociolab_tweet,napo
gpcolletti,stefymilo
ArielsM87,meedabyte
AleBezzi,stefanomicelli
michiamofede,stefanomicelli
michiamofede,CultPopSocCoop
ArielsM87,stefanomicelli
we4italy,FusacchiA
EmilBanca,matteolepore
damienlanfrey,FLuccisano
violamargiotta,napo
VitaDario,VZappino
perugini,aperdichizzi
LiatRogel,ChiaraPeggy
LiveUru,chrisiaio
mrcfabbri,ChiaraPeggy
napo,ProgettoRENA
TorinoAnni10,stefanomicelli
biljaic,doonie
2020CityPlus,ChiaraPeggy
2020CityPlus,ProgettoRENA
sigfreedo,ProgettoRENA
sigfreedo,ValeriaAdani
TorinoAnni10,damienlanfrey
PierG,FusacchiA
EleParisi,napo
EleParisi,Lebowskiana
Andreacritico,ProgettoRENA
perugini,f_galtieri
larobbi,FusacchiA
larobbi,miur
spettandoGodot,ZazzaNM
spettandoGodot,ProgettoRENA
LucaCominassi,invisigot
LucaCominassi,cimina
LucaCominassi,FraMazzocchi
LucaCominassi,MicheledAlena
LucaCominassi,mariosartori2
LucaCominassi,dtartari
LucaCominassi,ales9000
PierG,dgiluz
bia_hvid,dgiluz
ProgettoRENA,MicheledAlena
aperdichizzi,FusacchiA
stef_proietti,FusacchiA
stef_proietti,ProgettoRENA
nikko801,metiuuitem
nikko801,ghirardinicola
nikko801,MicheledAlena
TorinoAnni10,dgiluz
bertramniessen,00doppiozero
bertramniessen,che_fare
ChiaraPeggy,FLuccisano
workingcapital,ChiaraPeggy
2020CityPlus,ProgettoRENA
2020CityPlus,chrisiaio
Andreacritico,ProgettoRENA
AleBezzi,ChiaraPeggy
YouCanGroup,unipolideas
YouCanGroup,ProgettoRENA
AleBezzi,stefanomicelli
amagelli,YouCanGroup
panebarcos,mamacaluda
ceciliamanzo,Ale_Nigro
ceciliamanzo,ProgettoRENA
ceciliamanzo,FLuccisano
Max1957,BolloAlessandro
larobbi,stefanomicelli
larobbi,ProgettoRENA
iladonatio,napo
iladonatio,beppe_grillo
smodeo86,ADelliNoci
smodeo86,the_qube
AleBezzi,dskutz
socialPA_RM,matteolepore
metiuuitem,chrisiaio
ProgettoRENA,tarmelop
ProgettoRENA,coderdojobo
CentroAntartide,FLuccisano
funkylotito,ProgettoRENA
funkylotito,dgiluz
ErikaMunno,LabGov
ErikaMunno,Labsus1
ErikaMunno,chrisiaio
larobbi,coderdojobo
LiveUru,napo
umbertorega,Ale_Nigro
umbertorega,stefanomicelli
umbertorega,ProgettoRENA
umbertorega,FaberLabVarese
umbertorega,ArtigianiVarese
fedecolonna,damienlanfrey
OOPgiovani,gen_legacoop
OOPgiovani,indugiare
OOPgiovani,biljaic
OOPgiovani,eandless
OOPgiovani,chiarabert
OOPgiovani,RanghioFrance
AlessandraFeol1,socialstreet_it
AlessandraFeol1,ProgettoRENA
_opendata,napo
_opendata,dclfbk
_opendata,od500
_opendata,Smartcityexhib
_opendata,dclfbk
AleBezzi,CittadinidiTwtt
bia_hvid,doonie
guglielmoa,damienlanfrey
Ale_Nigro,ProgettoRENA
Wineup,siboc
Giank_Russo,hubspa
Giank_Russo,ProgettoRENA
spettandoGodot,BolloAlessandro
bobpersio,FLuccisano
ProgettoRENA,napo
luca_biancucci,ProgettoRENA
ProgettoRENA,ZazaNM
ArtOfDecisions,napo
ArtOfDecisions,dskutz
FBrudaglio,dgiluz
FBrudaglio,ProgettoRENA
EmilBanca,ChiaraPeggy
mamacaluda,BolloAlessandro
mamacaluda,Ravenna2019
domenicoros,ADelliNoci
domenicoros,ProgettoRENA
Liberos2,dgiluz
Liberos2,Sardexnet
ProgettoRENA,LepidaSpA
ProgettoRENA,BolognaWelcome
perugini,umbertorega
luca_biancucci,matteolepore
luca_biancucci,ProgettoRENA
larobbi,chrisiaio
lajeje13,napo
lajeje13,ProgettoRENA
FBrudaglio,ProgettoRENA
andrecatta,ZazzaNM
indugiare,OOPgiovani
indugiare,michiamofede
indugiare,RanghioFrance
Ffoodinstitute,stefanomicelli
Ffoodinstitute,ProgettoRENA
LucaCominassi,napo
Robertap526,ProgettoRENA
Robertap526,clodcop
Robertap526,FLuccisano
Robertap526,damienlanfrey
salvamarra,ProgettoRENA
sergiogalasso,wireditalia
sergiogalasso,unmonastery
sergiogalasso,Cami_sale
calabriativi,FLuccisano
calabriativi,VitaDario
calabriativi,domenicoros
calabriativi,VZappino
lucliva,meedabyte
isaangiuli,ProgettoRENA
isaangiuli,MicheledAlena
isaangiuli,FraMazzocchi
isaangiuli,matteolepore
isaangiuli,MicheledAlena
isaangiuli,mamacaluda
ProgettoRENA,FLuccisano
ProgettoRENA,f_galtieri
mamacaluda,damienlanfrey
AleBezzi,dgiluz
AleBezzi,Sardexnet
ValComm,letiziapian
ValComm,ProgettoRENA
Lebowskiana,meedabyte
Lebowskiana,OuiShare
Lebowskiana,lessig
FBrudaglio,FusacchiA
invisigot,Fare_Fiumicino
invisigot,metiuuitem
invisigot,MicheledAlena
bobpersio,davideagazzi
AlessandraFeol1,chrisiaio
AlessandraFeol1,Labsus1
playgroundmary,FusacchiA
metiuuitem,napo
TorinoAnni10,BolloAlessandro
RanghioFrance,davideagazzi
RanghioFrance,OOPgiovani
RanghioFrance,PuntoDock
guglielmoa,FLuccisano
metiuuitem,istat_it
AlessandraFeol1,ProgettoRENA
AlessandraFeol1,damienlanfrey
EmilBanca,letiziapian
RobCacciatore,stefanomicelli
ADelliNoci,domenicoros
perugini,metiuuitem
imaginaryaurora,ivanapais
aperdichizzi,stefanomicelli
gabrimorelli,ADelliNoci
gabrimorelli,Piersoft
gabrimorelli,CoderDojoLe
lidiamarongiu,ProgettoRENA
YouCanGroup,chiaramarza
YouCanGroup,alcenero
YouCanGroup,saroversi
YouCanGroup,alepirani
YouCanGroup,ProgettoRENA
funkylotito,meedabyte
ProgettoRENA,FusacchiA
VitaDario,ZazzaNM
Robertap526,chrisiaio
Robertap526,Labsus1
AleBezzi,ProgettoRENA
larobbi,damienlanfrey
larobbi,ProgettoRENA
mrcfabbri,meedabyte
ValComm,lorenzobenussi
ValComm,napo
EmilBanca,FLuccisano
EmilBanca,ProgettoRENA
aperdichizzi,dgiluz
aperdichizzi,Sardexnet
invisigot,chrisiaio
invisigot,marcobani
tarmelop,ProgettoRENA
PierG,dgiluz
AleBezzi,eandless
AleBezzi,ottobottoni
RanghioFrance,chiarabert
RanghioFrance,indugiare
RanghioFrance,OOPgiovani
RanghioFrance,gen_legacoop
darios,Sardexnet
Iris_Network,unipolideas
f_galtieri,ProgettoRENA
dominicipi,ProgettoRENA
dominicipi,CoderDojo
Acquarius75,FHumanplus
lucliva,dgiluz
lorenzobenussi,FusacchiA
Ffoodinstitute,matteolepore
Ffoodinstitute,YouCanGroup
Ffoodinstitute,ProgettoRENA
PuntoDock,RanghioFrance
isaangiuli,dgiluz
isaangiuli,ProgettoRENA
ProgettoRENA,FusacchiA
ProgettoRENA,miur
aperdichizzi,ProgettoRENA
FBrudaglio,stefanomicelli
sociolab_tweet,ProgettoRENA
sociolab_tweet,davideagazzi
spettandoGodot,ProgettoRENA
io_floriano,siboc
phisaz,FLuccisano
gpcolletti,dgiluz
luca_biancucci,ProgettoRENA
michiamofede,CultPopSocCoop
funkylotito,ProgettoRENA
AlessandraTolen,rosellavolp
AlessandraTolen,pelo80
mamacaluda,FLuccisano
AttivaFirenze,chrisiaio
cieffe27,FusacchiA
EmilBanca,damienlanfrey
EleParisi,Radio3tweet
RuralHub,paolacadoni
RuralHub,FAO
bia_hvid,napo
mamacaluda,damienlanfrey
ChiaraPeggy,dgiluz
funkylotito,lidiamarongiu
funkylotito,damienlanfrey
perugini,ideaTRE60
aperdichizzi,FusacchiA
TorinoAnni10,dgiluz
EmilBanca,damienlanfrey
Max1957,BolloAlessandro
_Aloisi,damienlanfrey
cimina,invisigot
cimina,LucaCominassi
cimina,damienlanfrey
egferro,FLuccisano
larobbi,stefanomicelli
larobbi,ProgettoRENA
larobbi,FLuccisano
larobbi,ProgettoRENA
salvamarra,doonie
salvamarra,ProgettoRENA
BAMstracult,BolloAlessandro
bia_hvid,InvasioniDigita
larobbi,ProgettoRENA
ProgettoRENA,meedabyte
AleBezzi,damienlanfrey
stef_proietti,Labsus1
stef_proietti,chrisiaio
stef_proietti,ProgettoRENA
napo,dgiluz
Robertap526,ProgettoRENA
Robertap526,damienlanfrey
luca_biancucci,FLuccisano
luca_biancucci,ProgettoRENA
luca_biancucci,ProgettoRENA
YouCanGroup,Chrisiao
YouCanGroup,ProgettoRENA
YouCanGroup,BolognaTwit
FLuccisano,chrisiaio
LiveUru,BolloAlessandro
ProgettoRENA,marcogy
ProgettoRENA,GIConfindustria
ArielsM87,FLuccisano
f_galtieri,ChiaraPeggy
violamargiotta,FLuccisano
vieriemiliani,ProgettoRENA
AleBezzi,briguzia
EmilBanca,ZazzaNM
EmilBanca,dgiluz
aperdichizzi,maxciociola
aperdichizzi,ADelliNoci
aperdichizzi,smodeo86
franleu,bobpersio
franleu,Guarene2020
larobbi,ProgettoRENA
Socialseed_,BolloAlessandro
trendinaliaIT,workingcapital
mariella_stella,clodcop
mariella_stella,ProgettoRENA
RuralHub,BChiavarino
ascuoladioc,Monithon
ProgettoRENA,dskutz
YouCanGroup,matteolepore
YouCanGroup,ProgettoRENA
Emiliana_Me,ProgettoRENA
Emiliana_Me,_CleaNap
PierG,ZazzaNM
ProgettoRENA,FLuccisano
ProgettoRENA,dgiluz
AleBezzi,ProgettoRENA
mamacaluda,meedabyte
f_galtieri,marcellourgo
Emiliana_Me,chrisiaio
Emiliana_Me,Labsus1
LiveUru,stefanomicelli
LiveUru,Guarene2020
metiuuitem,FusacchiA
f_galtieri,ProgettoRENA
ValComm,isaangiuli
ValComm,ProgettoRENA
AlessandraFeol1,Sardexnet
AlessandraFeol1,Labsus1
ValeriaAdani,ProgettoRENA
ValeriaAdani,FLuccisano
perugini,violamargiotta
we4italy,ivanapais
massimosanti,napo
larobbi,FusacchiA
larobbi,ProgettoRENA
beavillari,chrisiaio
beavillari,ProgettoRENA
TorinoAnni10,ivanapais
GabroXII,GabroXII
PierG,FusacchiA
fedecolonna,doonie
Collaboriamo,Giovannini
Ghostwriter37,ColdirettiG
Ghostwriter37,ProgettoRENA
Ghostwriter37,BolognaTwit
frarusso,ProgettoRENA
frarusso,davideagazzi
frarusso,FLuccisano
frarusso,addibbi
frarusso,damienlanfrey
beavillari,ProgettoRENA
RitaBartolomei,FLuccisano
luca_biancucci,ProgettoRENA
luca_biancucci,chrisiaio
maurocolombo_,FaberLabVarese
_Aloisi,FusacchiA
AleBezzi,damienlanfrey
perugini,sociolab_tweet
ProgettoRENA,clodcop
ProgettoRENA,giusate
ProgettoRENA,batty82
ProgettoRENA,cosesemplici
ProgettoRENA,dimarconicola
coderdojobo,coolestprojects
coderdojobo,CoderDojo
coderdojobo,coderdojobo
f_galtieri,FLuccisano
startsaturdays,damienlanfrey
LiveUru,BolloAlessandro
mamacaluda,meedabyte
mrcfabbri,Ale_Nigro
mrcfabbri,napo
saverio_cuoghi,ProgettoRENA
saverio_cuoghi,MicheledAlena
saverio_cuoghi,FraMazzocchi
saverio_cuoghi,FLuccisano
saverio_cuoghi,letiziapian
saverio_cuoghi,davideagazzi
IlariaPais,ProgettoRENA
alessiobau,ZazzaNM
mariella_stella,RaiBallaro
larobbi,clodcop
larobbi,ProgettoRENA
enzolefevre,ProgettoRENA
f_galtieri,doonie
michiamofede,AlessandroBollo
michiamofede,CultPopSocCoop
vignolimatteo,ProgettoRENA
ProgettoRENA,damienlanfrey
bobpersio,doonie
catencina,Labsus1
anpugliese,stefanomicelli
bobpersio,Airbnb
bobpersio,HyattConcierge
bobpersio,meedabyte
xdxd_vs_xdxd,Lebowskiana
Erica_sir,FusacchiA
gpcolletti,ivanapais
totididio,ZazzaNM
totididio,sigfreedo
totididio,wepushsocial
larobbi,dskutz
larobbi,ProgettoRENA
michiamofede,AlessandroBollo
michiamofede,CultPopSocCoop
fedecolonna,ivanapais
wendy_tiger,ProgettoRENA
wendy_tiger,dgiluz
wendy_tiger,be_p
HansCaron,TorinoAnni10
michiamofede,AlessandroBollo
michiamofede,CultPopSocCoop
dskutz,tarmelop
spettandoGodot,ivanapais
spettandoGodot,Aster_ER
ProgettoRENA,clodcop
f_galtieri,ross__gau
f_galtieri,ProgettoRENA
f_galtieri,SviluppoBas
fedepank,salvamarra
fedepank,IlariaLani
Lebowskiana,dclfbk
Lebowskiana,sabinacuccibar
Lebowskiana,napo
Lebowskiana,okfnitaly
czgavazzi,amandaferrario
czgavazzi,MaViAmantea
metiuuitem,chrisiaio
Ale_Nigro,FusacchiA
Ale_Nigro,ProgettoRENA
EmilBanca,FLuccisano
fedecolonna,ChiaraPeggy
AleBezzi,meedabyte
demichelisf,stefanomicelli
demichelisf,ProgettoRENA
sociolab_tweet,meedabyte
sociolab_tweet,ChiaraPeggy
sociolab_tweet,ivanapais
ProgettoRENA,hubspa
ProgettoRENA,ActionAidItalia
ProgettoRENA,CNANEXT
ProgettoRENA,CasaNetural
ProgettoRENA,ColdirettiG
ProgettoRENA,00doppiozero
ProgettoRENA,davidecanavesio
letiziapian,OOPgiovani
letiziapian,chiarabert
letiziapian,RanghioFrance
Innovandiamo,ivanapais
IlariaLani,clodcop
isaangiuli,FLuccisano
isaangiuli,ProgettoRENA
isaangiuli,FraMazzocchi
isaangiuli,Emuratori
VZappino,VitaDario
VZappino,FLuccisano
VZappino,domenicoros
clarainbeta,meedabyte
stef_proietti,ProgettoRENA
PierG,andreabez
socialmakingeco,ProgettoRENA
socialmakingeco,ChiaraPeggy
socialmakingeco,dgiluz
VitaDario,ChiaraPeggy
VitaDario,ProgettoRENA
catencina,ChiaraPeggy
ProgettoRENA,letiziapian
ProgettoRENA,MicheledAlena
ProgettoRENA,ValeriaAdani
ProgettoRENA,larobbi
ProgettoRENA,ceciliamanzo
AlessandraFeol1,FLuccisano
AlessandraFeol1,ascuoladioc
Acquarius75,BolloAlessandro
pelo80,rosellavolp
pelo80,AlessandraTolen
RosaBorgognoni,istat_it
indugiare,FLuccisano
indugiare,CultPopSocCoop
indugiare,OOPgiovani
biljaic,ChiaraPeggy
Innovandiamo,De_DiDio
RanghioFrance,chrisiaio
RanghioFrance,Labsus1
RanghioFrance,PuntoDock
Robertap526,ProgettoRENA
AlessandraFeol1,FLuccisano
AlessandraFeol1,ProgettoRENA
perugini,alessiobau
larobbi,FusacchiA
larobbi,ProgettoRENA
violamargiotta,FusacchiA
mamacaluda,ZazzaNM
mamacaluda,Ravenna2019
michiamofede,CultPopSocCoop
mamacaluda,BolloAlessandro
mamacaluda,Ravenna2019
perugini,YouCanGroup
perugini,FraMazzocchi
ghirardinicola,aubreymcfato
ghirardinicola,simosacchi
fedepank,clodcop
fedepank,ProgettoRENA
bia_hvid,damienlanfrey
metiuuitem,dskutz
ProgettoRENA,ChiaraPeggy
guglielmoa,damienlanfrey
EmilBanca,FusacchiA
ProgettoRENA,davideagazzi
RobCacciatore,ZazzaNM
bia_hvid,dgiluz
panebarcos,mamacaluda
cieffe27,ChiaraPeggy
Ffoodinstitute,damienlanfrey
Ffoodinstitute,ProgettoRENA
Tukulti_Ninurta,dgiluz
meg_pag,ivanapais
meg_pag,MicheledAlena
meg_pag,Ale_Nigro
EmilBanca,FLuccisano
TorinoAnni10,dgiluz
mamacaluda,FLuccisano
we4italy,enricogiova
spettandoGodot,chrisiaio
ProgettoRENA,FraMazzocchi
TorinoAnni10,stefanomicelli
perugini,paolocampagnano
michiamofede,AlessandroBollo
michiamofede,CultPopSocCoop
EmilBanca,chrisiaio
YouCanGroup,stefanomicelli
bia_hvid,ChiaraPeggy
we4italy,stefanomicelli
larobbi,davideagazzi
EmilBanca,dgiluz
Ffoodinstitute,ColdirettiG
Ffoodinstitute,ProgettoRENA
ProgettoRENA,FusacchiA
ProgettoRENA,napo
metiuuitem,dskutz
bobpersio,FusacchiA
sociolab_tweet,ZazzaNM
perugini,Andreacritico
sociolab_tweet,damienlanfrey
mamacaluda,ivanapais
LiveUru,siboc
LiveUru,luigireggi
LiveUru,BolloAlessandro
ghirardinicola,FusacchiA
muuffa,FLuccisano
saronnornr,ProgettoRENA
lorenzobenussi,napo
ValeriaAdani,ProgettoRENA
ValeriaAdani,FLuccisano
napo,massimosanti
giusate,batty82
giusate,dimarconicola
sociolab_tweet,chrisiaio
FusacchiA,ProgettoRENA
AttivaFirenze,Twiperbole
AttivaFirenze,CittadinidiTwtt
giamaura,we4italy
EmilBanca,damienlanfrey
TorinoAnni10,damienlanfrey
alessiobau,damienlanfrey
ChiaraPeggy,FusacchiA
ValeriaAdani,FLuccisano
ValeriaAdani,ProgettoRENA
f_galtieri,ChiaraPeggy
imaginaryaurora,dgiluz
paoloventuri100,ProgettoRENA
metiuuitem,napo
Acquarius75,ivanapais
ctroccoli,FLuccisano
cpt_giraffe,lucliva
cpt_giraffe,meedabyte
ProgettoRENA,matteolepore
LiveUru,FusacchiA
LiveUru,siboc
ivanapais,Ale_Nigro
ivanapais,SlideShare
LiveUru,FusacchiA
killermedia,ProgettoRENA
AleBezzi,ProgettoRENA
ProgettoRENA,FLuccisano
ProgettoRENA,davideagazzi
ProgettoRENA,clodcop
ProgettoRENA,letiziapian
LiatRogel,foodinthestreet
LiatRogel,HousingLab
Ale_Nigro,ivanapais
Ale_Nigro,ProgettoRENA
EmilBanca,stefanomicelli
bia_hvid,chrisiaio
BAMstracult,dgiluz
PuntoDock,BAMstracult
ProgettoRENA,La_Nicos
ProgettoRENA,unipolideas
lorenzobenussi,FusacchiA
mamacaluda,FLuccisano
mamacaluda,Emuratori
mamacaluda,isaangiuli
mamacaluda,FraMazzocchi
mamacaluda,MicheledAlena
mamacaluda,addibbi
mamacaluda,stefymilo
Emuratori,FLuccisano
Emuratori,mamacaluda
Emuratori,isaangiuli
Emuratori,FraMazzocchi
Emuratori,addibbi
paoloventuri100,mantralex
paoloventuri100,Innovandiamo
massimosanti,ProgettoRENA
massimosanti,FLuccisano
startsaturdays,ZazzaNM
fedecolonna,damienlanfrey
YouCanGroup,FusacchiA
YouCanGroup,ProgettoRENA
ValComm,BChiavarino
ValComm,doonie
fmp_it,Innovandiamo
franleu,ArielsM87
franleu,Guarene2020
YouCanGroup,marcogy
YouCanGroup,ProgettoRENA
ProgettoRENA,BolloAlessandro
Urban_Res_Dance,chrisiaio
larobbi,FraMazzocchi
larobbi,ProgettoRENA
gpcolletti,ivanapais
nikko801,FusacchiA
nikko801,ProgettoRENA
nikko801,siboc
Societing_SC,Labsus1
clarainbeta,enablingcity
clarainbeta,Forum_PA
bobpersio,FraMazzocchi
AgostinoRiitano,ivanapais
violamargiotta,marcogy
siboc,napo
massimosanti,stefanomicelli
massimosanti,FLuccisano
socialPA_RM,damienlanfrey
BAMstracult,BolloAlessandro
perugini,ChiaraPeggy
AlessandraFeol1,LabGov
AlessandraFeol1,ProgettoRENA
frarusso,FLuccisano
frarusso,ProgettoRENA
frarusso,davideagazzi
frarusso,clodcop
Innovandiamo,ChiaraPeggy
FLuccisano,damienlanfrey
EPietrafesa,ProgettoRENA
EPietrafesa,CoderDojo
EPietrafesa,agaddone
EPietrafesa,GruppoNUME
Societing_SC,chrisiaio
Societing_SC,Labsus1
fedecolonna,stefanomicelli
fedecolonna,PezzeGalere
LiveUru,FLuccisano
LiveUru,Monithon
LiveUru,ire_rete
LiveUru,luigireggi
fabriziacalda,FusacchiA
killermedia,matteorenzi
michiamofede,doonie
okfnitaly,napo
okfnitaly,OKFN
ceciliamanzo,ProgettoRENA
imaginaryaurora,ivanapais
fedepank,davideagazzi
Robertap526,BolloAlessandro
Robertap526,ProgettoRENA
Robertap526,massimobray
Robertap526,PAsproni
saroversi,valemarchesini
saroversi,MarchesiniGroup
Societing_SC,meedabyte
okfnitaly,chrisiaio
okfnitaly,Monithon
okfnitaly,ascuoladioc
fmp_it,ChiaraPeggy
davideagazzi,ProgettoRENA
alessiobau,meedabyte
alessiobau,OuiShare
ProgettoRENA,doonie
EmilBanca,meedabyte
AgostinoRiitano,dgiluz
larobbi,ProgettoRENA
LiveUru,FLuccisano
metiuuitem,ivanapais
ArielsM87,damienlanfrey
Ale_Nigro,ProgettoRENA
marco_vignoli,FusacchiA
TorinoAnni10,FusacchiA
lorenzobenussi,FLuccisano
Acquarius75,FusacchiA
pazzixbarca_bo,fabriziobarca
Ffoodinstitute,ProgettoRENA
guglielmoa,ivanapais
Robertap526,BolloAlessandro
Robertap526,ProgettoRENA
ProgettoRENA,kilowattBo
larobbi,FLuccisano
AleBezzi,meedabyte
_Aloisi,dskutz
YouCanGroup,ChefSimone
YouCanGroup,Ffoodinstitute
YouCanGroup,ProgettoRENA
YouCanGroup,saroversi
YouCanGroup,BolognaTwit
agaddone,CoderDojo
agaddone,tarmelop
agaddone,GruppoNUME
agaddone,ldomhl
agaddone,agaddone
EleParisi,MiurSocial
EleParisi,FusacchiA
sociolab_tweet,RanghioFrance
sociolab_tweet,PuntoDock
dimarconicola,La_Nicos
Tukulti_Ninurta,bertramniessen
Tukulti_Ninurta,ProgettoRENA
bia_hvid,napo
Innovandiamo,FLuccisano
ValComm,TorinoAnni10
ValComm,BolloAlessandro
Robertap526,ProgettoRENA
bobpersio,FLuccisano
siboc,edocolombo
clodcop,ivanapais
Acquarius75,dgiluz
Robertap526,enzolefevre
Robertap526,ProgettoRENA
Robertap526,f_galtieri
vignolimatteo,FusacchiA
vignolimatteo,ProgettoRENA
beavillari,ProgettoRENA
Liberos2,FLuccisano
chiarabert,FusacchiA
chiarabert,MiurSocial
dclfbk,chrisiaio
LiveUru,FLuccisano
sergiogalasso,simonecicero
RanghioFrance,f_galtieri
marco_vignoli,PierG
marco_vignoli,federicoravaldi
CentroAntartide,damienlanfrey
socialmakingeco,chefuturo
socialmakingeco,ProgettoRENA
socialmakingeco,meedabyte
Andreacritico,cimina
Andreacritico,Monithon
Andreacritico,invisigot
Andreacritico,LucaCominassi
Andreacritico,damienlanfrey
Andreacritico,siboc
ZazzaNM,ProgettoRENA
damianotessaro,Italia_Unica
damianotessaro,ProgettoRENA
f_galtieri,FusacchiA
f_galtieri,MiurSocial
wendy_tiger,Urban_Res_Dance
alesa69,damienlanfrey
isaangiuli,ProgettoRENA
bia_hvid,napo
silvia_rensi,bobic_a
carlettab,FusacchiA
PierG,dskutz
GruppoNUME,dskutz
GruppoNUME,coderdojobo
GruppoNUME,tarmelop
Tukulti_Ninurta,MicheledAlena
larobbi,FLuccisano
larobbi,ProgettoRENA
stefymilo,gpcolletti
AleBezzi,arduino
ChiaraPeggy,ivanapais
ChiaraPeggy,meedabyte
ChiaraPeggy,dgiluz
michiamofede,ivanapais
michiamofede,CultPopSocCoop
LiatRogel,cosesemplici
ProgettoRENA,meedabyte
metiuuitem,ghirardinicola
metiuuitem,MicheledAlena
bobpersio,FLuccisano
luciombra,chrisiaio
luciombra,Labsus1
saroversi,ndifino
Giank_Russo,ProgettoRENA
Giank_Russo,FLuccisano
Giank_Russo,stefymilo
Giank_Russo,f_galtieri
Giank_Russo,MicheledAlena
Giank_Russo,addibbi
piazzaberlino,mamacaluda
piazzaberlino,FLuccisano
luca_biancucci,ProgettoRENA
Robertap526,ProgettoRENA
Robertap526,ChiaraPeggy
funkylotito,siboc
saverio_cuoghi,ivanapais
YouCanGroup,ZazzaNM
YouCanGroup,ProgettoRENA
luca_biancucci,ChiaraPeggy
luca_biancucci,ProgettoRENA
Ffoodinstitute,FLuccisano
LuciaTubaro,DIGILUZ
paoloventuri100,ProgettoRENA
Ale_Nigro,napo
Ale_Nigro,ProgettoRENA
andreadanielli,damienlanfrey
PierG,dgiluz
Tukulti_Ninurta,ghirardinicola
Ale_Nigro,stefanomicelli
Ale_Nigro,ProgettoRENA
muuffa,dgiluz
pietrodioni,ProgettoRENA
michiamofede,gen_legacoop
isaangiuli,mamacaluda
isaangiuli,Emuratori
AlessandraFeol1,damienlanfrey
AlessandraFeol1,chrisiaio
AlessandraFeol1,LabGov
BAMstracult,bertramniessen
MattiaSullini,stefanomicelli
Robertap526,Innovandiamo
f_galtieri,ProgettoRENA
mariella_stella,damienlanfrey
EmilBanca,letiziapian
EmilBanca,damienlanfrey
cimina,ProgettoRENA
cimina,CoderDojo
cimina,carlettab
massimosanti,ProgettoRENA
massimosanti,CoderDojo
MattiaSullini,damienlanfrey
ProgettoRENA,FLuccisano
Robertap526,ADelliNoci
BAMstracult,ProgettoRENA
egferro,La_Nicos
AlessandraFeol1,FLuccisano
AlessandraFeol1,Monithon
invisigot,marcobani
invisigot,cimina
invisigot,LucaCominassi
TorinoAnni10,Certosa1515
mariella_stella,ProgettoRENA
violamargiotta,FraMazzocchi
nimeo,clodcop
nimeo,babasmood
franleu,f_galtieri
franleu,Guarene2020
biljaic,ChiaraPeggy
biljaic,ivanapais
biljaic,dskutz
MrAmpu,enzolefevre
MrAmpu,ProgettoRENA
MrAmpu,Erica_sir
Robertap526,ProgettoRENA
alessiobau,ChiaraPeggy
f_galtieri,ross__gau
f_galtieri,ProgettoRENA
vignolimatteo,ProgettoRENA
letiziapian,lamasoero
letiziapian,FraMazzocchi
letiziapian,davideagazzi
letiziapian,MicheledAlena
letiziapian,ProgettoRENA
bia_hvid,gummyindustries
bia_hvid,ivanapais
saverio_massaro,EsperimentiArch
PierG,napo
PierG,ChiaraPeggy
FBrudaglio,ProgettoRENA
domenicoros,VitaDario
domenicoros,DarioMazzella
RanghioFrance,ProgettoRENA
larobbi,FLuccisano
larobbi,ProgettoRENA
silvia_rensi,ivanapais
silvia_rensi,Editormanque
perugini,Giank_Russo
amagelli,YouCanGroup
ValComm,BolloAlessandro
ValComm,dgiluz
indugiare,Giovannini
TorinoAnni10,FLuccisano
perugini,gpcolletti
perugini,Monithon
perugini,delsio84
alessiobau,NeelieKroesEU
stef_proietti,ProgettoRENA
Robertap526,ProgettoRENA
TorinoAnni10,LiveUru
TorinoAnni10,egferro
TorinoAnni10,ProgettoRENA
ChiaraBrughera,meedabyte
YouCanGroup,ChiaraPeggy
YouCanGroup,ProgettoRENA
luca_biancucci,chrisiaio
luca_biancucci,ProgettoRENA
clarainbeta,FLuccisano
ProgettoRENA,damienlanfrey
socialPA_RM,ProgettoRENA
2020CityPlus,ProgettoRENA
LiveUru,matteolepore
LiveUru,Guarene2020
TorinoAnni10,stefanomicelli
St_Giaccardi,chrisiaio
St_Giaccardi,Labsus1
noemisatta,ProgettoRENA
biljaic,doonie
karmainspace,ChiaraPeggy
f_galtieri,ProgettoRENA
startsaturdays,ivanapais
Innovandiamo,ChiaraPeggy
AlessandraFeol1,BolloAlessandro
AlessandraFeol1,LabGov
ivanapais,chrisiaio
egferro,FusacchiA
RitaBartolomei,ivanapais
ProgettoRENA,FLuccisano
ValComm,napo
ValComm,napo
TorinoAnni10,ZazzaNM
TorinoAnni10,FLuccisano
Emuratori,ZazzaNM
ghirardinicola,ales9000
MrAmpu,Labsus1
dclfbk,chrisiaio
dclfbk,Monithon
dclfbk,ascuoladioc
bia_hvid,doonie
BAMstracult,culturability
BAMstracult,unipolideas
BAMstracult,La_Nicos
luca_biancucci,dskutz
luca_biancucci,ProgettoRENA
bia_hvid,dgiluz
FBrudaglio,ProgettoRENA
YouCanGroup,FLuccisano
YouCanGroup,ProgettoRENA
ILBETTA,FusacchiA
OOPgiovani,paolocampagnano
OOPgiovani,indugiare
OOPgiovani,RanghioFrance
OOPgiovani,1Mattia1
OOPgiovani,matteobettoli
michiamofede,IdeaGinger
michiamofede,ChiaraPeggy
michiamofede,doonie
luca_biancucci,matteolepore
luca_biancucci,ProgettoRENA
Andreacritico,ProgettoRENA
lidiamarongiu,dgiluz
Innovandiamo,ProgettoRENA
Socialseed_,ivanapais
EmilBanca,FLuccisano
metiuuitem,dskutz
metiuuitem,spaghetti_folks
metiuuitem,patriziasaggia
EnricoPonte,ProgettoRENA
killermedia,FLuccisano
killermedia,ProgettoRENA
mamacaluda,dgiluz
Acquarius75,FusacchiA
guglielmoa,Ale_Nigro
guglielmoa,ChiaraPeggy
guglielmoa,dgiluz
guglielmoa,ProgettoRENA
twittodarte,TorinoAnni10
twittodarte,davideagazzi
FBrudaglio,ProgettoRENA
clarainbeta,chrisiaio
LiatRogel,HousingLab
RitaBartolomei,FraMazzocchi
silvia_rensi,stefanomicelli
Ale_Nigro,napo
Ale_Nigro,dskutz
Ale_Nigro,ProgettoRENA
Emuratori,ivanapais
Emuratori,mamacaluda
Emuratori,isaangiuli
LiveUru,dskutz
killermedia,massimosanti
killermedia,ProgettoRENA
killermedia,CoderDojo
MLetiziaGardoni,ChiaraPeggy
perugini,xdxd_vs_xdxd
f_galtieri,mamacaluda
f_galtieri,Emuratori
f_galtieri,isaangiuli
Robertap526,ADelliNoci
patriziasaggia,metiuuitem
virgigullo,ProgettoRENA
virgigullo,clodcop
fmp_it,WeArePaCo
andrecatta,MakeItaly
andrecatta,T_M_Arch_
ArtOfDecisions,napo
AleBezzi,ZazzaNM
indugiare,CultPopSocCoop
ArielsM87,stefanomicelli
gpcolletti,ProgettoRENA
ghirardinicola,RanghioFrance
ghirardinicola,ProgettoRENA
perugini,FLuccisano
TorinoAnni10,ChiaraPeggy
annamasera,siboc
EmilBanca,ChiaraPeggy
fmp_it,ZazzaNM
saroversi,Sardexnet
AleBezzi,MicheledAlena
EmilBanca,clodcop
EmilBanca,ProgettoRENA
Liberos2,enricogiova
Liberos2,danieladucato
EmilBanca,IdeaGinger
EmilBanca,persanluca
Socialseed_,ProgettoRENA
Emiliana_Me,ProgettoRENA
perugini,Smartcityexhib
LuciaTubaro,stefanomicelli
LuciaTubaro,FLuccisano
massimosanti,ChiaraPeggy
RobCacciatore,stefanomicelli
RobertaCalle,chrisiaio
letiziapian,OOPgiovani
letiziapian,letiziapian
letiziapian,IrecoopER
indugiare,ChiaraPeggy
ProgettoRENA,dgiluz
AleBezzi,stefanomicelli
AleBezzi,elleucio
AleBezzi,fablabfirenze
Rimassasonoio,ProgettoRENA
lorenzobenussi,napo
lorenzobenussi,dskutz
lajeje13,f_galtieri
PierG,ProgettoRENA
PierG,FusacchiA
PierG,tarmelop
mamacaluda,BolloAlessandro
EmilBanca,FLuccisano
f_galtieri,RanghioFrance
ArielsM87,ivanapais
perugini,workingcapital
massimosanti,FBrudaglio
massimosanti,dgiluz
massimosanti,ProgettoRENA
EmilBanca,meedabyte
domenicoros,siboc
domenicoros,phisaz
domenicoros,SerenaMaioli
domenicoros,totididio
domenicoros,napo
domenicoros,lorenzobenussi
CasaNetural,ProgettoRENA
ProgettoRENA,damienlanfrey
AleBezzi,danieltarozzi
AleBezzi,AttivaFirenze
totididio,aborruso
totididio,napo
totididio,AmatPalermoSpA
totididio,ComunePalermo
michiamofede,ZazzaNM
EmilBanca,stefanomicelli
Societing_SC,napo
ValeriaAdani,ProgettoRENA
BAMstracult,BolloAlessandro
sergiogalasso,Labsus1
sergiogalasso,chrisiaio
franleu,we4italy
franleu,Guarene2020
cieffe27,lucavecchi72
spettandoGodot,ChiaraPeggy
ProgettoRENA,Annibaledelia
2020CityPlus,dgiluz
perugini,chrisiaio
f_galtieri,FLuccisano
mamacaluda,chrisiaio
AleBezzi,napo
AleBezzi,dskutz
AleBezzi,sociolab_tweet
AleBezzi,RobertaCalle
vivaioimprese,vivaio_imprese
AgostinoRiitano,dgiluz
AgostinoRiitano,Sardexnet
larobbi,ChiaraPeggy
larobbi,ProgettoRENA
mariella_stella,antoniopolito1
PuntoDock,RanghioFrance
HUBFirenze,damienlanfrey
HUBFirenze,ottobottoni
ValComm,stefanomicelli
saverio_cuoghi,MicheledAlena
AleBezzi,meedabyte
Emiliana_Me,ProgettoRENA
AlessandraFeol1,chrisiaio
AlessandraFeol1,Labsus1
TorselloM,GSRomeHub
TorselloM,ProgettoRENA
metiuuitem,FLuccisano
Ale_Nigro,Uber
Ale_Nigro,ivanapais
Ale_Nigro,ProgettoRENA
dclfbk,napo
dclfbk,dclfbk
dclfbk,od500
dclfbk,Smartcityexhib
bia_hvid,svegliamuseo
